1101	Managing Director	MD
1102	Deputy Managing Director	DMD
1202	General Manager	GM
1203	Deputy General Manager	DGM
1301	Plant Manager	PM
1302	Manager	Manager
1303	Deputy Plant Manager	DPM
1304	Deputy Manager	DM
1401	Sr Assistant Manager	Sr AM
1402	Assistant Manager	AM
1501	Sr Assistant Support Manager	Sr ASM
1502	Assistant Support Manager	ASM
1503	Jr Assistant Support Manager	Jr ASM
1504	Deputy Asst Manager	Dy. AM
1204	Asst. General Manager	AGM
1201	Sr. General Manager	Sr GM
1205	Finance Controller	FC
9201	Security Guard	Guard
9101	Sr. Sub Asst. Sup. Manager	SrSASM
9103	Jr. Sub Asst. Sup. Manger	Jr.SASM
9301	Driver	Driver
9401	Cook	Cook
9501	Gardener	Gardener
9601	Engine Cleaner	EC
9602	Dorm. Cleaner	Dorm. C
9701	Office Boy	Peon
